fecha,PM25LE
01jan2009,13.762501
02jan2009,12.550001
03jan2009,11.816668
04jan2009,9.2791672
05jan2009,10.341665
06jan2009,8.4166679
07jan2009,11.920832
08jan2009,14.933333
09jan2009,13.904349
10jan2009,13.429168
11jan2009,11.758333
12jan2009,10.316667
13jan2009,13.904167
14jan2009,8.1374998
15jan2009,7.3833337
16jan2009,12.554167
17jan2009,6.5875001
18jan2009,11.354166
19jan2009,19.024998
20jan2009,14.337501
21jan2009,15.800001
22jan2009,18.512497
23jan2009,11.256078
24jan2009,8.4052696
25jan2009,6.6333337
26jan2009,7.3166666
27jan2009,8.7833347
28jan2009,9.4916658
29jan2009,10.579167
30jan2009,5.7416668
31jan2009,9.9708347
01-feb-09,9.0958328
02-feb-09,9.7375011
03-feb-09,9.7666664
04-feb-09,8.7458334
05-feb-09,6.9583335
06-feb-09,7.1791668
07-feb-09,10.554166
08-feb-09,8.2749987
09-feb-09,12.441669
10-feb-09,12.054167
11-feb-09,8.3083334
12-feb-09,10.787501
13-feb-09,7.8666668
14-feb-09,12.595832
15-feb-09,6.7124996
16-feb-09,9.5500011
17-feb-09,12.804166
18-feb-09,9.208334
19-feb-09,6.2916665
20-feb-09,7.6166663
21-feb-09,7.1083336
22-feb-09,10.170833
23-feb-09,10.375
24-feb-09,9.6791677
25-feb-09,10.204166
26-feb-09,11.791668
27-feb-09,13.754166
28-feb-09,12.695833
01-mar-09,7.8291669
02-mar-09,9.4833326
03-mar-09,11.037499
04-mar-09,11.061905
05-mar-09,13.7125
06-mar-09,12.891665
07-mar-09,19.800001
08-mar-09,12.079167
09-mar-09,15.470832
10-mar-09,14.770835
11-mar-09,34.837502
12-mar-09,31.070833
13-mar-09,18.300001
14-mar-09,15.340899
15-mar-09,9.7000008
16-mar-09,13.287499
17-mar-09,11.945832
18-mar-09,14.758335
19-mar-09,10.491668
20-mar-09,31.712496
21-mar-09,19.058334
22-mar-09,16.033333
23-mar-09,13.966665
24-mar-09,18.445833
25-mar-09,15.337502
26-mar-09,8.4333334
27-mar-09,24.95833
28-mar-09,13.775001
29-mar-09,11.125001
30-mar-09,20.683331
31-mar-09,47.849998
01apr2009,35.833336
02apr2009,7.2416663
03apr2009,27.604166
04apr2009,21.762499
05apr2009,39.875
06apr2009,29.344254
07apr2009,14.602905
08apr2009,18.86669
09apr2009,27.957897
10apr2009,18.441666
11apr2009,36.691662
12apr2009,55.174999
13apr2009,85.833328
14apr2009,53.979164
15apr2009,43.466667
16apr2009,37.681301
17apr2009,25.629166
18apr2009,41.904163
19apr2009,33.933334
20apr2009,46.640633
21apr2009,46.664902
22apr2009,22.291668
23apr2009,103.82224
24apr2009,112.95831
25apr2009,59.683327
26apr2009,57.537495
27apr2009,68.77916
28apr2009,57.466671
29apr2009,81.091286
30apr2009,82.054169
01-may-09,111.55418
02-may-09,54.604164
03-may-09,54.033333
04-may-09,56.324997
05-may-09,59.449989
06-may-09,80.054153
07-may-09,63.79166
08-may-09,72.25
09-may-09,54.091671
10-may-09,42.712498
11-may-09,74.804176
12-may-09,137.58652
13-may-09,175.60912
14-may-09,171.77498
15-may-09,58.570824
16-may-09,56.112495
17-may-09,85.645836
18-may-09,77.916672
19-may-09,42.000004
20-may-09,21.671825
21-may-09,38.125004
22-may-09,20.133333
23-may-09,98.520844
24-may-09,56.787498
25-may-09,96.470818
26-may-09,103.83749
27-may-09,232.43338
28-may-09,189.32497
29-may-09,185.92799
30-may-09,93.770889
31-may-09,111.51292
01-jun-09,109.01811
02-jun-09,161.74321
03-jun-09,131.66666
04-jun-09,105.12608
05-jun-09,127.08332
06-jun-09,98.15416
07-jun-09,45.537495
08-jun-09,48.175003
09-jun-09,143.02083
10-jun-09,128.69586
11-jun-09,184.76668
12-jun-09,155.10002
13-jun-09,110.20419
14-jun-09,58.533329
15-jun-09,24.979166
16-jun-09,12.983335
17-jun-09,28.283335
18-jun-09,53.937496
19-jun-09,83.545845
20-jun-09,38.270836
21-jun-09,72.958328
22-jun-09,87.057137
23-jun-09,91.004166
24-jun-09,75.470825
25-jun-09,135.45001
26-jun-09,119.95
27-jun-09,13.608332
28-jun-09,15.870832
29-jun-09,26.383333
30-jun-09,29.429163
01-jul-09,24.241667
02-jul-09,16.012499
03-jul-09,21.495834
04-jul-09,12.05
05-jul-09,35.724998
06-jul-09,20.633333
07-jul-09,161.12915
08-jul-09,200.17079
09-jul-09,27.64583
10-jul-09,172.19167
11-jul-09,171.18748
12-jul-09,104.39581
13-jul-09,167.39999
14-jul-09,185.00832
15-jul-09,166.06252
16-jul-09,108.10001
17-jul-09,72.112495
18-jul-09,36.904167
19-jul-09,17.891666
20-jul-09,94.570854
21-jul-09,84.370827
22-jul-09,164.40001
23-jul-09,226.42502
24-jul-09,210.00909
25-jul-09,125.95835
26-jul-09,207.72083
27-jul-09,315.77084
28-jul-09,303.2334
29-jul-09,306.16245
30-jul-09,117.85836
31-jul-09,29.562496
01aug2009,97.737511
02aug2009,78.154182
03aug2009,51.916664
04aug2009,26.395836
05aug2009,36.474995
06aug2009,79.62085
07aug2009,115.37498
08aug2009,137.03333
09aug2009,31.016668
10aug2009,24.125002
11aug2009,43.033337
12aug2009,25.820831
13aug2009,33.008335
14aug2009,15.470832
15aug2009,32.962502
16aug2009,25.008335
17aug2009,29.425003
18aug2009,29.520836
19aug2009,65.512497
20aug2009,52.241756
21aug2009,40.403645
22aug2009,19.154169
23aug2009,11.325
24aug2009,18.616667
25aug2009,19.070835
26aug2009,37.724998
27aug2009,34.170837
28aug2009,17.225
29aug2009,23.412498
30aug2009,31.64167
31aug2009,69.4375
01-sept-09,118.06248
02-sept-09,101.35
03-sept-09,84.291649
04-sept-09,39.07917
05-sept-09,11.475
06-sept-09,34.670837
07-sept-09,63.77916
08-sept-09,77.29583
09-sept-09,46.812496
10-sept-09,40.900002
11-sept-09,12.825
12-sept-09,24.483332
13-sept-09,29.833332
14-sept-09,21.495834
15-sept-09,45.408329
16-sept-09,52.529167
17-sept-09,20.845835
18-sept-09,20.545832
19-sept-09,19.158335
20-sept-09,13.358334
21-sept-09,19.204166
22-sept-09,41.337498
23-sept-09,35.762497
24-sept-09,37.745834
25-sept-09,26.716667
26-sept-09,61.520824
27-sept-09,66.029152
28-sept-09,9.7749996
29-sept-09,12.283333
30-sept-09,16.316666
01-oct-09,16.024998
02-oct-09,30.14167
03-oct-09,33.224998
04-oct-09,17.862499
05-oct-09,30.82917
06-oct-09,79.795837
07-oct-09,51.029167
08-oct-09,41.895832
09-oct-09,13.020835
10-oct-09,10.208332
11-oct-09,11.683332
12-oct-09,12.525
13-oct-09,24.274998
14-oct-09,44.366661
15-oct-09,20.830435
16-oct-09,18.795834
17-oct-09,24.866665
18-oct-09,16.083334
19-oct-09,19.975002
20-oct-09,26.620834
21-oct-09,17.065218
22-oct-09,6.4124999
23-oct-09,17.450001
24-oct-09,14.045835
25-oct-09,12.200001
26-oct-09,25.654165
27-oct-09,17.683332
28-oct-09,8.1374998
29-oct-09,4.666667
30-oct-09,9.749999
31-oct-09,20.875
01-nov-09,11.716667
02-nov-09,23.870831
03-nov-09,17.85
04-nov-09,13.220832
05-nov-09,10.029165
06-nov-09,20.85
07-nov-09,41.82917
08-nov-09,19.833334
09-nov-09,18.179165
10-nov-09,61.575001
11-nov-09,12.270835
12-nov-09,10.604167
13-nov-09,13.933332
14-nov-09,24.250002
15-nov-09,14.483335
16-nov-09,19.958336
17-nov-09,11.891667
18-nov-09,25.037497
19-nov-09,12.650001
20-nov-09,14.141667
21-nov-09,17.345833
22-nov-09,14.699998
23-nov-09,10.420341
24-nov-09,9.7681341
25-nov-09,8.8250008
26-nov-09,10.574999
27-nov-09,6.4708333
28-nov-09,11.483334
29-nov-09,9.6416664
30-nov-09,11.533334
01dec2009,12.204166
02dec2009,5.1541667
03dec2009,8.0708342
04dec2009,7.4125009
05dec2009,8.2666655
06dec2009,10.879167
07dec2009,11.1625
08dec2009,6.8333335
09dec2009,5.5875001
10dec2009,7.4315782
11dec2009,9.9187527
12dec2009,6.6624999
13dec2009,5.4666667
14dec2009,4.1291666
15dec2009,7.9874997
16dec2009,8.791666
17dec2009,7.479167
18dec2009,6.375
19dec2009,8.6083336
20dec2009,8.3291664
21dec2009,9.5291672
22dec2009,7.5999994
23dec2009,12.270835
24dec2009,7.7375002
25dec2009,8.9916658
26dec2009,9.1333332
27dec2009,9.3166656
28dec2009,6.4833336
29dec2009,5.0541668
30dec2009,7.770833
31dec2009,6.0916667
01jan2010,8.5041676
02jan2010,6.4750004
03jan2010,5.8999996
04jan2010,5.145833
05jan2010,6.0291667
06jan2010,5.6208329
07jan2010,6
08jan2010,8.437501
09jan2010,7.5999994
10jan2010,7.3375006
11jan2010,6.0250001
12jan2010,6.0666671
13jan2010,10.641666
14jan2010,6.1083336
15jan2010,9.3291664
16jan2010,8.8208342
17jan2010,7.9666662
18jan2010,5.2458334
19jan2010,5.9666672
20jan2010,10.8
21jan2010,8.2791672
22jan2010,5.6916661
23jan2010,8.3083334
24jan2010,9.9708347
25jan2010,11.750001
26jan2010,8.2624998
27jan2010,6.4791665
28jan2010,8.083334
29jan2010,8.520834
30jan2010,5.7958336
31jan2010,6.2333331
01-feb-10,4.7583332
02-feb-10,5.0458331
03-feb-10,7.8958335
04-feb-10,10.100001
05-feb-10,5.7041664
06-feb-10,7.5541663
07-feb-10,6.6916666
08-feb-10,10.537501
09-feb-10,8.1999998
10-feb-10,12.3375
11-feb-10,9.791666
12-feb-10,6.791667
13-feb-10,7.0125003
14-feb-10,5.5333333
15-feb-10,5.1791663
16-feb-10,11.7625
17-feb-10,9.2749996
18-feb-10,6.9333334
19-feb-10,8.6208334
20-feb-10,6.208333
21-feb-10,6.8208327
22-feb-10,8.395834
23-feb-10,7.8625007
24-feb-10,11.250001
25-feb-10,19.991667
26-feb-10,10.037499
27-feb-10,14.269528
28-feb-10,18.316668
01-mar-10,10.46
02-mar-10,14.162499
03-mar-10,12.166666
04-mar-10,8.604166
05-mar-10,16.0375
06-mar-10,14.329165
07-mar-10,11.225001
08-mar-10,8.1583328
09-mar-10,7.3458333
10-mar-10,5.8791666
11-mar-10,7.4250007
12-mar-10,15.208333
13-mar-10,12.783333
14-mar-10,9.5222225
15-mar-10,11.673913
16-mar-10,13.675
17-mar-10,8.5666666
18-mar-10,9.3666668
19-mar-10,15.658334
20-mar-10,7.0333328
21-mar-10,7.4125009
22-mar-10,8.6208334
23-mar-10,11.587499
24-mar-10,15.179168
25-mar-10,16.583334
26-mar-10,13.966665
27-mar-10,12.708334
28-mar-10,8.750001
29-mar-10,10.508333
30-mar-10,11.599998
31-mar-10,15.166666
01apr2010,13.758334
02apr2010,14.275
03apr2010,10.275001
04apr2010,14.379166
05apr2010,27.183331
06apr2010,23.212502
07apr2010,41.5
08apr2010,52.329166
09apr2010,59.758335
10apr2010,46.479172
11apr2010,22.379166
12apr2010,44.679169
13apr2010,57.72084
14apr2010,51.270836
15apr2010,95.8125
16apr2010,43.954163
17apr2010,31.100004
18apr2010,25.558334
19apr2010,15.425
20apr2010,24.433334
21apr2010,59.758335
22apr2010,89.050018
23apr2010,53.691666
24apr2010,74.520821
25apr2010,57.091667
26apr2010,60.770836
27apr2010,51.820835
28apr2010,61.833332
29apr2010,69.729179
30apr2010,80.786354
01-may-10,60.200867
02-may-10,32.245014
03-may-10,40.413086
04-may-10,46.51104
05-may-10,34.851162
06-may-10,105.87904
07-may-10,90.669388
08-may-10,92.140976
09-may-10,70.247063
10-may-10,74.213623
11-may-10,105.9605
12-may-10,77.674179
13-may-10,153.34248
14-may-10,76.556931
15-may-10,172.8
16-may-10,169.1042
17-may-10,57.200012
18-may-10,48.3125
19-may-10,131.30833
20-may-10,197.63045
21-may-10,160.5208
22-may-10,55.404156
23-may-10,58.541672
24-may-10,39.887501
25-may-10,66.89167
26-may-10,93.133354
27-may-10,280.59579
28-may-10,250.33749
29-may-10,143.29587
30-may-10,330.86252
31-may-10,346.36255
01-jun-10,129.32498
02-jun-10,72.045815
03-jun-10,49.991673
04-jun-10,57.958332
05-jun-10,170.22502
06-jun-10,103.31248
07-jun-10,169.04164
08-jun-10,266.60007
09-jun-10,66.09584
10-jun-10,57.758339
11-jun-10,12.654166
12-jun-10,14.408332
13-jun-10,13.116668
14-jun-10,16.758331
15-jun-10,70.259987
16-jun-10,43.799999
17-jun-10,25.642105
18-jun-10,29.854202
19-jun-10,29.533409
20-jun-10,18.850437
21-jun-10,28.108471
22-jun-10,7.8167934
23-jun-10,19.014111
24-jun-10,30.598738
25-jun-10,110.71895
26-jun-10,95.285721
27-jun-10,54.680637
28-jun-10,31.903116
29-jun-10,21.668158
30-jun-10,15.035014
01-jul-10,21.804193
02-jul-10,47.044582
03-jul-10,44.597435
04-jul-10,34.043266
05-jul-10,17.294447
06-jul-10,18.301228
07-jul-10,16.390774
08-jul-10,57.818989
09-jul-10,125.27229
10-jul-10,34.731632
11-jul-10,24.229712
12-jul-10,55.045002
13-jul-10,87.817749
14-jul-10,56.950035
15-jul-10,18.634674
16-jul-10,58.905777
17-jul-10,82.060509
18-jul-10,81.074699
19-jul-10,23.823397
20-jul-10,53.917515
21-jul-10,50.619671
22-jul-10,21.075485
23-jul-10,8.0256033
24-jul-10,28.538193
25-jul-10,32.471054
26-jul-10,48.532093
27-jul-10,55.827171
28-jul-10,45.704716
29-jul-10,29.503407
30-jul-10,33.480621
31-jul-10,46.283817
01aug2010,116.07214
02aug2010,90.366089
03aug2010,12.311204
04aug2010,37.518459
05aug2010,58.584484
06aug2010,61.588741
07aug2010,66.55442
08aug2010,222.66083
09aug2010,109.15392
10aug2010,145.19704
11aug2010,104.18491
12aug2010,80.705307
13aug2010,81.596886
14aug2010,108.71873
15aug2010,39.126537
16aug2010,5.2895932
17aug2010,9.4034576
18aug2010,38.662239
19aug2010,116.14854
20aug2010,58.850384
21aug2010,39.703293
22aug2010,35.399471
23aug2010,31.394909
24aug2010,15.703271
25aug2010,12.936612
26aug2010,30.708334
27aug2010,13.979168
28aug2010,105.19167
29aug2010,105.14143
30aug2010,44.431023
31aug2010,77.075005
01-sept-10,101.81549
02-sept-10,87.354958
03-sept-10,80.040794
04-sept-10,62.669422
05-sept-10,49.323776
06-sept-10,70.2621
07-sept-10,26.795654
08-sept-10,45.724998
09-sept-10,51.654545
10-sept-10,67.462486
11-sept-10,53.683331
12-sept-10,64.641655
13-sept-10,38.895004
14-sept-10,69.929161
15-sept-10,102.11665
16-sept-10,73.029152
17-sept-10,84.358315
18-sept-10,67.591667
19-sept-10,43.258339
20-sept-10,45.537495
21-sept-10,69.704178
22-sept-10,76.295815
23-sept-10,63.108322
24-sept-10,52.237495
25-sept-10,64.125
26-sept-10,31.70833
27-sept-10,45.929874
28-sept-10,45.572651
29-sept-10,72.088669
30-sept-10,45.803135
01-oct-10,60.47979
02-oct-10,51.462154
03-oct-10,63.015133
04-oct-10,50.960304
05-oct-10,28.581308
06-oct-10,47.45454
07-oct-10,61.986488
08-oct-10,42.29554
09-oct-10,25.099997
10-oct-10,16.200001
11-oct-10,14.083334
12-oct-10,17.004168
13-oct-10,19.181818
14-oct-10,18.087391
15-oct-10,23.862501
16-oct-10,27.341667
17-oct-10,25.704166
18-oct-10,31.545834
19-oct-10,16.283333
20-oct-10,9.6880541
21-oct-10,15.664461
22-oct-10,14.970833
23-oct-10,28.491671
24-oct-10,36.766666
25-oct-10,15.087499
26-oct-10,16.633333
27-oct-10,10.525
28-oct-10,17.687502
29-oct-10,14.412499
30-oct-10,18.466665
31-oct-10,18.320833
01-nov-10,17.629168
02-nov-10,12.2125
03-nov-10,14.666667
04-nov-10,13.670834
05-nov-10,18.337502
06-nov-10,13.554167
07-nov-10,15.954167
08-nov-10,26.450001
09-nov-10,16.974998
10-nov-10,12.408333
11-nov-10,13.462501
12-nov-10,12.329165
13-nov-10,11.379167
14-nov-10,14.104167
15-nov-10,13.516667
16-nov-10,11.726088
17-nov-10,9.8541679
18-nov-10,9.3272724
19-nov-10,16.337498
20-nov-10,15.441665
21-nov-10,15.9875
22-nov-10,12.329165
23-nov-10,13.200001
24-nov-10,13.608332
25-nov-10,14.183334
26-nov-10,12.483335
27-nov-10,14.870834
28-nov-10,16.537498
29-nov-10,16.895834
30-nov-10,17.058334
01dec2010,15.687498
02dec2010,16.587498
03dec2010,19.912502
04dec2010,12.650001
05dec2010,9.6833334
06dec2010,12.874999
07dec2010,13.337499
08dec2010,14.187501
09dec2010,12.222727
10dec2010,16.433334
11dec2010,30.287502
12dec2010,28.250002
13dec2010,12.441669
14dec2010,11.775
15dec2010,8.6208334
16dec2010,10.554166
17dec2010,14.041666
18dec2010,15.279167
19dec2010,15.566669
20dec2010,14.320832
21dec2010,10.045834
22dec2010,9.9041672
23dec2010,11.933332
24dec2010,11.591666
25dec2010,10.35
26dec2010,11.725
27dec2010,13.183334
28dec2010,14.145832
29dec2010,12.654166
30dec2010,20.133333
31dec2010,17.295832
01jan2011,13.725001
02jan2011,15.195832
03jan2011,12.6875
04jan2011,13.079166
05jan2011,13.900001
06jan2011,13.312499
07jan2011,19.494736
08jan2011,13.125455
09jan2011,21.862499
10jan2011,16.942652
11jan2011,30.170832
12jan2011,11.522211
13jan2011,42.861904
14jan2011,22.249998
15jan2011,28.76667
16jan2011,24.831818
17jan2011,23.960871
18jan2011,26.941666
19jan2011,24.858332
20jan2011,19.574999
21jan2011,19.625
22jan2011,21.125002
23jan2011,20.170834
24jan2011,25.354166
25jan2011,13.647533
26jan2011,12.33364
27jan2011,9.3693047
28jan2011,14.933333
29jan2011,14.862501
30jan2011,21.704165
31jan2011,15.220833
01-feb-11,16.2125
02-feb-11,23.729166
03-feb-11,17.725002
04-feb-11,17.820835
05-feb-11,17.695833
06-feb-11,17.395834
07-feb-11,24.095835
08-feb-11,21.308334
09-feb-11,23.987501
10-feb-11,26.421738
11-feb-11,56.576191
12-feb-11,9.6000004
13-feb-11,8.8043489
14-feb-11,24.950001
15-feb-11,14.6408
16-feb-11,12.845834
17-feb-11,13.099879
18-feb-11,10.189692
19-feb-11,17.2125
20-feb-11,18.875
21-feb-11,13.858333
22-feb-11,17.608332
23-feb-11,18.612499
24-feb-11,18.339132
25-feb-11,22.879169
26-feb-11,16.879166
27-feb-11,11.483334
28-feb-11,17.933336
01-mar-11,17.545832
02-mar-11,17.958336
03-mar-11,19.204166
04-mar-11,18.737501
05-mar-11,19.283333
06-mar-11,13.220832
07-mar-11,19.295834
08-mar-11,19.616669
09-mar-11,20.833334
10-mar-11,23.165215
11-mar-11,26.254166
12-mar-11,28.479166
13-mar-11,23.391665
14-mar-11,21.895832
15-mar-11,27.183331
16-mar-11,27.552176
17-mar-11,30.604166
18-mar-11,32.487503
19-mar-11,26.445831
20-mar-11,25.604761
21-mar-11,15.062501
22-mar-11,17.44869
23-mar-11,27.699999
24-mar-11,24.708336
25-mar-11,48.795837
26-mar-11,60.570843
27-mar-11,44.82917
28-mar-11,26.234617
29-mar-11,38.863636
30-mar-11,24.170832
31-mar-11,23.574999
01apr2011,53.105007
02apr2011,29.575003
03apr2011,20.554167
04apr2011,27.312498
05apr2011,24.045832
06apr2011,23.591663
07apr2011,28.04167
08apr2011,54.258331
09apr2011,72.224991
10apr2011,38.891666
11apr2011,39.604168
12apr2011,31.133337
13apr2011,32.808697
14apr2011,96.933311
15apr2011,101.61252
16apr2011,66.283318
17apr2011,97.265198
18apr2011,81.32917
19apr2011,65.539124
20apr2011,49.491661
21apr2011,24.966669
22apr2011,31.65
23apr2011,39.991669
24apr2011,58.279999
25apr2011,38.556885
26apr2011,58.188225
27apr2011,56.332489
28apr2011,44.19445
29apr2011,74.057373
30apr2011,118.58896
01-may-11,135.28949
02-may-11,125.56664
03-may-11,94.400009
04-may-11,81.554993
05-may-11,65.145195
06-may-11,121.80235
07-may-11,83.631813
08-may-11,75.895844
09-may-11,99.099998
10-may-11,63.661118
11-may-11,159.82402
12-may-11,141.48898
13-may-11,66.966667
14-may-11,38.087502
15-may-11,80.140121
16-may-11,103.62692
17-may-11,123.24717
18-may-11,40.273685
19-may-11,60.201126
20-may-11,86.569992
21-may-11,60.090908
22-may-11,147.27225
23-may-11,219.18109
24-may-11,60.375652
25-may-11,164.79999
26-may-11,151.32549
27-may-11,48.021053
28-may-11,31.304544
29-may-11,44.092899
30-may-11,67.436951
31-may-11,93.433327
01-jun-11,129.69168
02-jun-11,85.538086
03-jun-11,126.97919
04-jun-11,41.08334
05-jun-11,84.083344
06-jun-11,41.805264
07-jun-11,18.18458
08-jun-11,29.069422
09-jun-11,25.92
10-jun-11,37.140903
11-jun-11,35.462498
12-jun-11,222.43755
13-jun-11,254.13185
14-jun-11,50.594997
15-jun-11,44.279999
16-jun-11,28.191668
17-jun-11,29.912731
18-jun-11,22.400002
19-jun-11,45.849995
20-jun-11,140.0739
21-jun-11,179.96663
22-jun-11,96.599983
23-jun-11,91.469582
24-jun-11,98.96669
25-jun-11,113.61302
26-jun-11,99.599976
27-jun-11,125.93752
28-jun-11,49.469566
29-jun-11,44.326084
30-jun-11,48.766666
01-jul-11,184.05458
02-jul-11,182.05832
03-jul-11,158.9478
04-jul-11,211.06248
05-jul-11,116.84169
06-jul-11,201.87914
07-jul-11,201.0708
08-jul-11,84.927277
09-jul-11,51.59565
10-jul-11,52.813637
11-jul-11,46.995647
12-jul-11,41.149998
13-jul-11,23.445835
14-jul-11,23.113638
15-jul-11,32.535004
16-jul-11,45.137501
17-jul-11,126.97083
18-jul-11,90.469559
19-jul-11,114.24548
20-jul-11,43.704166
21-jul-11,67.804337
22-jul-11,72.317383
23-jul-11,152.01253
24-jul-11,31.355001
25-jul-11,44.913631
26-jul-11,45.091667
27-jul-11,33.449997
28-jul-11,59.02916
29-jul-11,147.65216
30-jul-11,188.59586
31-jul-11,126.79586
01aug2011,47.875
02aug2011,71.320839
03aug2011,143.6125
04aug2011,34.824997
05aug2011,27.6875
06aug2011,101.43916
07aug2011,105.57085
08aug2011,25.054169
09aug2011,55.165215
10aug2011,27.471432
11aug2011,40.395649
12aug2011,45.491669
13aug2011,106.15834
14aug2011,129.21669
15aug2011,45.152168
16aug2011,27.35
17aug2011,49.095837
18aug2011,189.52919
19aug2011,194.79169
20aug2011,121.11668
21aug2011,176.02913
22aug2011,82.579155
23aug2011,77.908348
24aug2011,94.050003
25aug2011,70.125008
26aug2011,27.29167
27aug2011,38.886955
28aug2011,19.975002
29aug2011,45.229164
30aug2011,95.620857
31aug2011,105.05002
01-sept-11,36.179161
02-sept-11,38.033337
03-sept-11,43.183331
04-sept-11,34.012501
05-sept-11,57.016663
06-sept-11,98.149994
07-sept-11,68.279167
08-sept-11,35.854164
09-sept-11,35.000004
10-sept-11,43.491669
11-sept-11,31.408333
12-sept-11,61.399994
13-sept-11,121.57918
14-sept-11,110.14346
15-sept-11,48.695831
16-sept-11,81.487511
17-sept-11,96.954163
18-sept-11,40.608334
19-sept-11,42.883331
20-sept-11,27.987501
21-sept-11,35.966663
22-sept-11,45.787498
23-sept-11,74.100006
24-sept-11,65.078255
25-sept-11,78.945839
26-sept-11,75.900002
27-sept-11,42.950001
28-sept-11,26.287498
29-sept-11,30.282606
30-sept-11,38.354168
01-oct-11,50.987503
02-oct-11,37.595657
03-oct-11,35.029163
04-oct-11,55.890907
05-oct-11,34.970833
06-oct-11,23.804546
07-oct-11,35.213047
08-oct-11,34.243477
09-oct-11,45.721741
10-oct-11,37.517387
11-oct-11,40.616669
12-oct-11,34.12273
13-oct-11,33.959087
14-oct-11,30.845829
15-oct-11,34.139126
16-oct-11,32.23333
17-oct-11,42.865215
18-oct-11,33.508698
19-oct-11,44.885715
20-oct-11,39.669998
21-oct-11,40.390911
22-oct-11,47.542862
23-oct-11,46.837502
24-oct-11,27.805151
25-oct-11,23.295237
26-oct-11,21.090479
27-oct-11,15.891665
28-oct-11,15.859999
29-oct-11,11.095652
30-oct-11,15.991667
31-oct-11,30.16087
01-nov-11,10.856521
02-nov-11,14.933333
03-nov-11,14.283334
04-nov-11,11.295454
05-nov-11,12.540909
06-nov-11,12.873912
07-nov-11,11.891305
08-nov-11,14.074999
09-nov-11,20.352173
10-nov-11,14.534784
11-nov-11,16.821741
12-nov-11,13.283334
13-nov-11,12.352174
14-nov-11,11.682609
15-nov-11,15.045833
16-nov-11,15.058332
17-nov-11,14.237499
18-nov-11,12.787499
19-nov-11,15.091668
20-nov-11,12.249999
21-nov-11,17.147827
22-nov-11,14.525001
23-nov-11,16.526089
24-nov-11,14.733335
25-nov-11,13.526088
26-nov-11,12.609092
27-nov-11,13.679168
28-nov-11,11.843479
29-nov-11,12.195653
30-nov-11,11.995832
01dec2011,14.895833
02dec2011,16.779165
03dec2011,13.3625
04dec2011,13.775001
05dec2011,16.583334
06dec2011,14.224999
07dec2011,13.741667
08dec2011,12.37619
09dec2011,13.019047
10dec2011,13.013044
11dec2011,12.40909
12dec2011,15.308333
13dec2011,11.504166
14dec2011,12.675001
15dec2011,12.487499
16dec2011,10.904166
17dec2011,12.429166
18dec2011,12
19dec2011,13.91739
20dec2011,13.865217
21dec2011,14.947618
22dec2011,11.4
23dec2011,15.604169
24dec2011,11.370832
25dec2011,15.545832
26dec2011,15.51818
27dec2011,13.599999
28dec2011,15.344999
29dec2011,10.307926
30dec2011,15.765217
31dec2011,13.981818
01jan2012,9.5526314
02jan2012,12.554167
03jan2012,11.917391
04jan2012,13.162499
05jan2012,13.285713
06jan2012,14.770835
07jan2012,15.899999
08jan2012,14.782609
09jan2012,11.504761
10jan2012,10.431818
11jan2012,8.7666664
12jan2012,7.2874999
13jan2012,8.062501
14jan2012,9.2833338
15jan2012,5.1333332
16jan2012,7.6625004
17jan2012,5.3500004
18jan2012,6.7416668
19jan2012,6.2750001
20jan2012,5.6782608
21jan2012,6.7913041
22jan2012,6.5363636
23jan2012,8.389473
24jan2012,7.9166665
25jan2012,11.886956
26jan2012,8.3954535
27jan2012,8.5857143
28jan2012,6.5749998
29jan2012,6.5636368
30jan2012,6.3857145
31jan2012,6.6608691
01-feb-12,6.9434781
02-feb-12,5.5649996
03-feb-12,6.2708335
04-feb-12,6.3125
05-feb-12,6.2999997
06-feb-12,7.2916665
07-feb-12,5.8291664
08-feb-12,7.7565212
09-feb-12,8.7624998
10-feb-12,5.8124995
11-feb-12,5.9666672
12-feb-12,6.4708333
13-feb-12,5.9333329
14-feb-12,10.8
15-feb-12,6.9708333
16-feb-12,7.1916666
17-feb-12,7.1875005
18-feb-12,4.5285711
19-feb-12,5.8083334
20-feb-12,7.1041665
21-feb-12,6.208333
22-feb-12,6.9916668
23-feb-12,6.1916666
24-feb-12,10.675001
25-feb-12,5.0749998
26-feb-12,6.1380954
27-feb-12,4.7909088
28-feb-12,5.8208332
29-feb-12,7.9000006
01-mar-12,9.5347834
02-mar-12,11.529999
03-mar-12,8.272727
04-mar-12,8.9727287
05-mar-12,9.5608702
06-mar-12,11.200001
07-mar-12,6.2208333
08-mar-12,8.8532
09-mar-12,9.3590441
10-mar-12,9.7299662
11-mar-12,10.497225
12-mar-12,10.376378
13-mar-12,10.399999
14-mar-12,10.085714
15-mar-12,19.291302
16-mar-12,9.6916676
17-mar-12,12.187499
18-mar-12,18.743481
19-mar-12,10.081818
20-mar-12,6.8434782
21-mar-12,7.8416662
22-mar-12,9.4666653
23-mar-12,9.6291676
24-mar-12,8.1260862
25-mar-12,8.4958344
26-mar-12,8.6749992
27-mar-12,13.1
28-mar-12,7.4545445
29-mar-12,18.39271
30-mar-12,17.03196
31-mar-12,9.895833
01apr2012,9.7695665
02apr2012,12.047619
03apr2012,15.394737
04apr2012,17.369566
05apr2012,15.927271
06apr2012,12.361905
07apr2012,16.800001
08apr2012,17.9375
09apr2012,23.147619
10apr2012,50.628567
11apr2012,47.472725
12apr2012,50.408691
13apr2012,27.204546
14apr2012,57.772717
15apr2012,47.719666
16apr2012,32.204548
17apr2012,71.572777
18apr2012,94.166679
19apr2012,33.624996
20apr2012,50.008335
21apr2012,34.466663
22apr2012,49.579163
23apr2012,51.442062
24apr2012,42.537498
25apr2012,36.166664
26apr2012,75.354179
27apr2012,76.586945
28apr2012,21.233334
29apr2012,17.887499
30apr2012,31.958332
01-may-12,41.004162
02-may-12,24.641665
03-may-12,70.595848
04-may-12,77.924995
05-may-12,33.787498
06-may-12,22.577274
07-may-12,38.281815
08-may-12,79.039139
09-may-12,62.063652
10-may-12,29.961903
11-may-12,44.940907
12-may-12,93.295631
13-may-12,65.154549
14-may-12,84.539116
15-may-12,36.930435
16-may-12,35.755001
17-may-12,43.966667
18-may-12,30.137503
19-may-12,38.528572
20-may-12,65.094734
21-may-12,146.59998
22-may-12,168.17085
23-may-12,122.0261
24-may-12,200.00832
25-may-12,32.947826
26-may-12,7.3478265
27-may-12,14.091304
28-may-12,8.2111111
29-may-12,55.629173
30-may-12,87.087486
31-may-12,75.037498
01-jun-12,10.160869
02-jun-12,20.218182
03-jun-12,40.295238
04-jun-12,163.60439
05-jun-12,142.64168
06-jun-12,177.96251
07-jun-12,118.37501
08-jun-12,184.28265
09-jun-12,278.38748
10-jun-12,217.77501
11-jun-12,69.917397
12-jun-12,22.05238
13-jun-12,76.204338
14-jun-12,145.42271
15-jun-12,118.83672
16-jun-12,48.783401
17-jun-12,28.545834
18-jun-12,63.169559
19-jun-12,20.179169
20-jun-12,18.145
21-jun-12,13.904545
22-jun-12,15.985892
23-jun-12,12.833335
24-jun-12,132.8208
25-jun-12,236.32727
26-jun-12,120.43481
27-jun-12,23.995653
28-jun-12,57.250465
29-jun-12,55.733971
30-jun-12,64.599991
01-jul-12,64.330444
02-jul-12,115.02918
03-jul-12,39.930435
04-jul-12,62.714294
05-jul-12,80.233345
06-jul-12,38.330437
07-jul-12,40.918182
08-jul-12,98.125
09-jul-12,147.16252
10-jul-12,157.08746
11-jul-12,82.270821
12-jul-12,85.662498
13-jul-12,111.27914
14-jul-12,120.73749
15-jul-12,181.35417
16-jul-12,276.19171
17-jul-12,129.44998
18-jul-12,120.0826
19-jul-12,108.25002
20-jul-12,47.822727
21-jul-12,188.10431
22-jul-12,109.38693
23-jul-12,206.98698
24-jul-12,272.14996
25-jul-12,180.25218
26-jul-12,178.31818
27-jul-12,221.10638
28-jul-12,126.09567
29-jul-12,195.18573
30-jul-12,206.75418
31-jul-12,75.966667
01aug2012,18.286957
02aug2012,14.47826
03aug2012,76.470825
04aug2012,149.11742
05aug2012,43.621738
06aug2012,138.39479
07aug2012,64.489906
08aug2012,34.759132
09aug2012,40.256519
10aug2012,136.6292
11aug2012,102.72498
12aug2012,41.269562
13aug2012,36.643475
14aug2012,17.765219
15aug2012,13.491667
16aug2012,22.582609
17aug2012,38.92609
18aug2012,60.204342
19aug2012,60.529182
20aug2012,41.620831
21aug2012,65.978264
22aug2012,58.095463
23aug2012,107.48697
24aug2012,147.44785
25aug2012,164.14348
26aug2012,180.12503
27aug2012,122.20417
28aug2012,118.6917
29aug2012,77.366669
30aug2012,94.587494
31aug2012,89.84166
01-sept-12,78.726074
02-sept-12,22.578259
03-sept-12,41.245834
04-sept-12,59.487507
05-sept-12,55.658333
06-sept-12,42.416668
07-sept-12,26.38261
08-sept-12,79.57917
09-sept-12,42.037502
10-sept-12,89.158318
11-sept-12,36.275002
12-sept-12,43.26667
13-sept-12,30.355463
14-sept-12,26.387592
15-sept-12,33.258808
16-sept-12,25.690945
17-sept-12,62.741394
18-sept-12,65.440567
19-sept-12,44.124218
20-sept-12,22.117729
21-sept-12,90.521088
22-sept-12,31.976709
23-sept-12,39.681007
24-sept-12,59.8652
25-sept-12,47.780514
26-sept-12,40.82299
27-sept-12,45.525002
28-sept-12,26.375
29-sept-12,25.937502
30-sept-12,29.833332
01-oct-12,50.333332
02-oct-12,37.904167
03-oct-12,28.587503
04-oct-12,22.950001
05-oct-12,31.929163
06-oct-12,37.191669
07-oct-12,26.230001
08-oct-12,30.375002
09-oct-12,11.800001
10-oct-12,14.699998
11-oct-12,11.904547
12-oct-12,13.1
13-oct-12,7.2250004
14-oct-12,8.7041674
15-oct-12,9.8500004
16-oct-12,14.891667
17-oct-12,16.233332
18-oct-12,13.991666
19-oct-12,16.134781
20-oct-12,15.438231
21-oct-12,18.875589
22-oct-12,21.680441
23-oct-12,20.039183
24-oct-12,23.053314
25-oct-12,19.984642
26-oct-12,23.318241
27-oct-12,15.6569
28-oct-12,13.699923
29-oct-12,13.497265
30-oct-12,17.863173
31-oct-12,16.27199
01-nov-12,14.769464
02-nov-12,16.970514
03-nov-12,10.703353
04-nov-12,12.607793
05-nov-12,11.174472
06-nov-12,9.3924465
07-nov-12,10.448071
08-nov-12,18.455574
09-nov-12,14.858809
10-nov-12,9.5012226
11-nov-12,10.150319
12-nov-12,9.3788166
13-nov-12,11.336967
14-nov-12,8.3005505
15-nov-12,10.36559
16-nov-12,11.234765
17-nov-12,8.4186869
18-nov-12,10.34776
19-nov-12,11.128824
20-nov-12,13.969397
21-nov-12,12.826272
22-nov-12,14.142477
23-nov-12,12.376778
24-nov-12,11.371496
25-nov-12,10.573413
26-nov-12,10.440584
27-nov-12,11.989428
28-nov-12,11.577699
29-nov-12,13.040484
30-nov-12,10.086929
01dec2012,8.2177582
02dec2012,8.1102791
03dec2012,10.751675
04dec2012,9.4386091
05dec2012,16.881754
06dec2012,9.3650885
07dec2012,9.8642139
08dec2012,9.0832567
09dec2012,8.1553841
10dec2012,8.0502119
11dec2012,9.3957348
12dec2012,7.5940967
13dec2012,10.554355
14dec2012,9.2336626
15dec2012,11.385015
16dec2012,7.7672043
17dec2012,10.919785
18dec2012,6.4766293
19dec2012,8.8339472
20dec2012,13.691553
21dec2012,12.318603
22dec2012,13.204662
23dec2012,8.1540527
24dec2012,4.4236879
25dec2012,9.9294853
26dec2012,12.109839
27dec2012,9.1426516
28dec2012,10.782816
29dec2012,9.70714
30dec2012,7.4747338
31dec2012,8.0472088
01jan2013,5.7882862
02jan2013,7.773066
03jan2013,8.6610909
04jan2013,8.5552521
05jan2013,7.9773064
06jan2013,6.9271064
07jan2013,11.497308
08jan2013,9.1602201
09jan2013,5.9996367
10jan2013,3.6249192
11jan2013,5.8055477
12jan2013,6.106102
13jan2013,4.9935269
14jan2013,4.9767871
15jan2013,6.2496681
16jan2013,7.0519047
17jan2013,5.3421278
18jan2013,6.0067744
19jan2013,3.7821476
20jan2013,3.307054
21jan2013,5.4959464
22jan2013,6.2684312
23jan2013,6.0972886
24jan2013,5.45544
25jan2013,8.5887938
26jan2013,8.6427317
27jan2013,7.2123194
28jan2013,4.5794544
29jan2013,5.6818333
30jan2013,5.0996771
31jan2013,5.8590341
01-feb-13,7.4303064
02-feb-13,7.4024763
03-feb-13,4.4664102
04-feb-13,5.2007446
05-feb-13,4.2147517
06-feb-13,4.7743702
07-feb-13,4.5837927
08-feb-13,3.7859774
09-feb-13,4.9905124
10-feb-13,2.7388558
11-feb-13,5.5836487
12-feb-13,5.834549
13-feb-13,8.1485386
14-feb-13,7.1351771
15-feb-13,3.364747
16-feb-13,5.8149037
17-feb-13,10.406408
18-feb-13,8.0877714
19-feb-13,7.1279578
20-feb-13,8.6294346
21-feb-13,6.4400754
22-feb-13,6.3427343
23-feb-13,7.9236474
24-feb-13,7.6618242
25-feb-13,6.7266679
26-feb-13,6.4549942
27-feb-13,8.5214939
28-feb-13,11.646808
01-mar-13,2.4347825
02-mar-13,4.6500001
03-mar-13,6.2991271
04-mar-13,8.708333
05-mar-13,10.391304
06-mar-13,7.7499995
07-mar-13,6.458333
08-mar-13,7.125
09-mar-13,9.833334
10-mar-13,8.045455
11-mar-13,6.869565
12-mar-13,7.6250005
13-mar-13,9.166667
14-mar-13,6.125
15-mar-13,14.272828
16-mar-13,10.369958
17-mar-13,17.688274
18-mar-13,12.196825
19-mar-13,18.416668
20-mar-13,18.083332
21-mar-13,10.125001
22-mar-13,17.291668
23-mar-13,11.166666
24-mar-13,9.772728
25-mar-13,6.7500005
26-mar-13,6.7083335
27-mar-13,14.173913
28-mar-13,9.124999
29-mar-13,12.416666
30-mar-13,11.045455
31-mar-13,14.416668
01apr2013,16.75
02apr2013,10.25
03apr2013,17.375
04apr2013,14.499999
05apr2013,16.708332
06apr2013,49.750004
07apr2013,37.166664
08apr2013,46.958328
09apr2013,38.999996
10apr2013,27.333332
11apr2013,53.208332
12apr2013,69.375015
13apr2013,121.00002
14apr2013,107.41667
15apr2013,33.125
16apr2013,40.125004
17apr2013,35.608917
18apr2013,35.633793
19apr2013,17.950001
20apr2013,11.541666
21apr2013,18.499998
22apr2013,14.750001
23apr2013,19.375
24apr2013,30.583334
25apr2013,54.541672
26apr2013,68.416664
27apr2013,67.791664
28apr2013,63.916679
29apr2013,49.500004
30apr2013,21.041664
01-may-13,16.958332
02-may-13,10.458332
03-may-13,16.347828
04-may-13,82.291656
05-may-13,51.041664
06-may-13,116.45834
07-may-13,80.333336
08-may-13,63.79166
09-may-13,42.890774
10-may-13,22.42857
11-may-13,32.913044
12-may-13,56.521751
13-may-13,40.409088
14-may-13,114.3913
15-may-13,154.62498
16-may-13,136.14287
17-may-13,163.83336
18-may-13,128.95834
19-may-13,151.87502
20-may-13,87.45002
21-may-13,75.636986
22-may-13,101.4185
23-may-13,61.999996
24-may-13,34.166664
25-may-13,22.083332
26-may-13,18.25
27-may-13,11.200001
28-may-13,15.208333
29-may-13,47.916668
30-may-13,25.375
31-may-13,15.833333
01-jun-13,37.291668
02-jun-13,31.958332
03-jun-13,75.791649
04-jun-13,37.347828
05-jun-13,146.08694
06-jun-13,125.08331
07-jun-13,97.708336
08-jun-13,196.37497
09-jun-13,124.55206
10-jun-13,137.11758
11-jun-13,177.20836
12-jun-13,92
13-jun-13,71.541656
14-jun-13,72.166672
15-jun-13,27.173916
16-jun-13,142.04167
17-jun-13,24.875002
18-jun-13,97.666649
19-jun-13,192.95451
20-jun-13,94.75
21-jun-13,21.083334
22-jun-13,149
23-jun-13,136.60867
24-jun-13,86.277733
25-jun-13,122.87502
26-jun-13,17.363638
27-jun-13,
28-jun-13,44.571445
29-jun-13,73.27916
30-jun-13,32.304348
01-jul-13,23.545452
02-jul-13,10.659838
03-jul-13,42.47662
04-jul-13,75.521729
05-jul-13,95.833336
06-jul-13,84.624985
07-jul-13,203.08331
08-jul-13,80.916664
09-jul-13,11.636363
10-jul-13,33.772728
11-jul-13,42.583332
12-jul-13,47.916668
13-jul-13,62.916653
14-jul-13,31.625002
15-jul-13,73.086952
16-jul-13,40.125004
17-jul-13,83.818176
18-jul-13,121.45831
19-jul-13,44.130436
20-jul-13,116.34782
21-jul-13,237.41667
22-jul-13,154.62498
23-jul-13,98.541656
24-jul-13,98.458336
25-jul-13,31.416668
26-jul-13,74.166679
27-jul-13,56.869576
28-jul-13,76.625008
29-jul-13,37.521736
30-jul-13,29.54167
31-jul-13,125.56521
01aug2013,74.291656
02aug2013,46.375
03aug2013,17.333332
04aug2013,12.416666
05aug2013,27.791664
06aug2013,25.833332
07aug2013,45.666668
08aug2013,105.12498
09aug2013,98.749985
10aug2013,24.583336
11aug2013,25.20833
12aug2013,143.41666
13aug2013,153.20836
14aug2013,85.458344
15aug2013,53.208332
16aug2013,76.458321
17aug2013,104.54166
18aug2013,31.291664
19aug2013,82.045441
20aug2013,55.041668
21aug2013,59.666679
22aug2013,103.41668
23aug2013,35.333332
24aug2013,69.624985
25aug2013,118.58336
26aug2013,44.916664
27aug2013,47.416664
28aug2013,32.791672
29aug2013,21.375
30aug2013,36.791664
31aug2013,38.125004
01-sept-13,42.041672
02-sept-13,56.041664
03-sept-13,64.583328
04-sept-13,31.374996
05-sept-13,28.54167
06-sept-13,18.875
07-sept-13,11.458335
08-sept-13,16.125002
09-sept-13,7.125
10-sept-13,17
11-sept-13,30.916666
12-sept-13,78.458351
13-sept-13,82.833328
14-sept-13,51.208336
15-sept-13,39.833332
16-sept-13,47.416664
17-sept-13,53.708336
18-sept-13,65.833321
19-sept-13,34.625
20-sept-13,34.125
21-sept-13,62.208328
22-sept-13,48.291668
23-sept-13,47.083336
24-sept-13,30.15
25-sept-13,21.375
26-sept-13,21.874998
27-sept-13,84.166656
28-sept-13,79.125
29-sept-13,48.75
30-sept-13,23.166668
01-oct-13,29.333334
02-oct-13,32.458328
03-oct-13,28.916664
04-oct-13,28.208334
05-oct-13,19.750002
06-oct-13,13.083333
07-oct-13,17.791668
08-oct-13,27.083332
09-oct-13,24.416668
10-oct-13,14.25
11-oct-13,8.458333
12-oct-13,6.5
13-oct-13,20.333334
14-oct-13,13.750001
15-oct-13,4.9166665
16-oct-13,6.041667
17-oct-13,12
18-oct-13,12.041666
19-oct-13,10
20-oct-13,9.124999
21-oct-13,13.833334
22-oct-13,28.54167
23-oct-13,24.95833
24-oct-13,16.333336
25-oct-13,8.791666
26-oct-13,7.375
27-oct-13,6.6250005
28-oct-13,12.375001
29-oct-13,8.791666
30-oct-13,10.083334
31-oct-13,6.5416665
01-nov-13,8.083334
02-nov-13,6.375
03-nov-13,4.375
04-nov-13,7.458333
05-nov-13,9.416667
06-nov-13,10.291668
07-nov-13,6.1666665
08-nov-13,12.041666
09-nov-13,7.4347825
10-nov-13,5.208333
11-nov-13,8
12-nov-13,11.250001
13-nov-13,6.7500005
14-nov-13,7.5416665
15-nov-13,5.875
16-nov-13,5.416667
17-nov-13,4.375
18-nov-13,6.2500005
19-nov-13,5.958333
20-nov-13,7.6521745
21-nov-13,6.583333
22-nov-13,5.416667
23-nov-13,8.458333
24-nov-13,6.1739135
25-nov-13,5.3333335
26-nov-13,6.2500005
27-nov-13,3.7826087
28-nov-13,3.5416667
29-nov-13,2.1666667
30-nov-13,4.166667
01dec2013,1.5833334
02dec2013,2.8333333
03dec2013,4.3333335
04dec2013,2.875
05dec2013,2.8333333
06dec2013,2.3333333
07dec2013,2.3333333
08dec2013,4.625
09dec2013,2.173913
10dec2013,2.0833333
11dec2013,3.0833333
12dec2013,3.2083333
13dec2013,2.7500002
14dec2013,3.0434783
15dec2013,2.3333333
16dec2013,5.695652
17dec2013,2.7083333
18dec2013,4
19dec2013,2.5833333
20dec2013,1.9583333
21dec2013,3.7916665
22dec2013,5.916667
23dec2013,5.1249995
24dec2013,4.0416665
25dec2013,2.9166665
26dec2013,2.4166667
27dec2013,3.7500002
28dec2013,4.25
29dec2013,2.125
30dec2013,3.4999998
31dec2013,4.0416665
01jan2014,4.4583335
02jan2014,4.25
03jan2014,4.2083335
04jan2014,4.0416665
05jan2014,5.875
06jan2014,4
07jan2014,4.2916665
08jan2014,4.8333335
09jan2014,5.4999995
10jan2014,4.166667
11jan2014,4.125
12jan2014,4.2083335
13jan2014,4
14jan2014,4.0833335
15jan2014,8.250001
16jan2014,9.083333
17jan2014,8.958334
18jan2014,4.666667
19jan2014,5.3333335
20jan2014,4.541667
21jan2014,4
22jan2014,4.166667
23jan2014,4.5
24jan2014,5.695652
25jan2014,4.166667
26jan2014,4
27jan2014,4.375
28jan2014,4.2083335
29jan2014,4.2083335
30jan2014,4.5652175
31jan2014,4.0416665
01-feb-14,4.666667
02-feb-14,5.166667
03-feb-14,4.583333
04-feb-14,5.458333
05-feb-14,4.2916665
06-feb-14,5.7083335
07-feb-14,4.8750005
08-feb-14,4.166667
09-feb-14,4.0833335
10-feb-14,4.166667
11-feb-14,4.125
12-feb-14,6.125
13-feb-14,5.3333335
14-feb-14,9.124999
15-feb-14,5.916667
16-feb-14,5
17-feb-14,4.0416665
18-feb-14,4.25
19-feb-14,5.086957
20-feb-14,5.0416665
21-feb-14,4.9583335
22-feb-14,4.416667
23-feb-14,4.0833335
24-feb-14,7.5416665
25-feb-14,8.333334
26-feb-14,6
27-feb-14,5.6249995
28-feb-14,7.9166665
01-mar-14,5.25
02-mar-14,5.25
03-mar-14,4.583333
04-mar-14,7.375
05-mar-14,5.0833335
06-mar-14,7.4166675
07-mar-14,5.75
08-mar-14,12.166666
09-mar-14,6.375
10-mar-14,9.7619038
11-mar-14,4.0416665
12-mar-14,4.583333
13-mar-14,4.4583335
14-mar-14,5.875
15-mar-14,4.2083335
16-mar-14,5.0434785
17-mar-14,7.6500001
18-mar-14,12.40909
19-mar-14,10.136362
20-mar-14,17.500002
21-mar-14,32.304348
22-mar-14,18.166666
23-mar-14,8.086956
24-mar-14,10.541667
25-mar-14,21.583332
26-mar-14,25.708334
27-mar-14,21.208334
28-mar-14,28.583332
29-mar-14,12.500001
30-mar-14,14.956523
31-mar-14,45.173908
01apr2014,51.79166
02apr2014,35.130432
03apr2014,23
04apr2014,37.333336
05apr2014,27.958336
06apr2014,19.315792
07apr2014,48.333328
08apr2014,18.583332
09apr2014,27.500002
10apr2014,26.291668
11apr2014,28.958336
12apr2014,48.37466
13apr2014,35.888287
14apr2014,22.364157
15apr2014,18.541664
16apr2014,30.125002
17apr2014,49.913044
18apr2014,69.958344
19apr2014,67.541672
20apr2014,67.500008
21apr2014,14.708335
22apr2014,12.857143
23apr2014,14.375001
24apr2014,53.583336
25apr2014,88.541672
26apr2014,34.416664
27apr2014,92.999992
28apr2014,70.458336
29apr2014,96.249992
30apr2014,31.250002
01-may-14,57.416656
02-may-14,26.083332
03-may-14,8.458333
04-may-14,48.708336
05-may-14,56.695641
06-may-14,22.083332
07-may-14,11.541666
08-may-14,15.166666
09-may-14,31.583334
10-may-14,59.249992
11-may-14,63.124996
12-may-14,42.000004
13-may-14,54.708336
14-may-14,38.708336
15-may-14,21.583332
16-may-14,132.99997
17-may-14,161.70836
18-may-14,18.750002
19-may-14,30.75
20-may-14,22.458332
21-may-14,55.375
22-may-14,102.75001
23-may-14,128.16667
24-may-14,120.41666
25-may-14,64.375
26-may-14,50.041672
27-may-14,97.875
28-may-14,23.08696
29-may-14,38.083332
30-may-14,17.375
31-may-14,13.375001
01-jun-14,8.5
02-jun-14,8.4166679
03-jun-14,34.291664
04-jun-14,21.625002
05-jun-14,28.583332
06-jun-14,16.583334
07-jun-14,15.041665
08-jun-14,20.333334
09-jun-14,34.565216
10-jun-14,8.083334
11-jun-14,63.250004
12-jun-14,75.374985
13-jun-14,21.166664
14-jun-14,15.124998
15-jun-14,77.708336
16-jun-14,134.56523
17-jun-14,165.08336
18-jun-14,117.66665
19-jun-14,106.75002
20-jun-14,62.625004
21-jun-14,15.708334
22-jun-14,18.458332
23-jun-14,87.086945
24-jun-14,187.00002
25-jun-14,196.25
26-jun-14,60.666664
27-jun-14,148.2917
28-jun-14,116.25
29-jun-14,33.125
30-jun-14,37.083328
01-jul-14,39.374996
02-jul-14,37.374996
03-jul-14,34.083336
04-jul-14,59.791653
05-jul-14,74.124992
06-jul-14,51.999996
07-jul-14,69.304352
08-jul-14,135.62497
09-jul-14,229.74998
10-jul-14,132.83334
11-jul-14,58.04166
12-jul-14,40.083336
13-jul-14,39.95834
14-jul-14,15.499999
15-jul-14,29.458332
16-jul-14,32.666672
17-jul-14,102.20834
18-jul-14,173.04169
19-jul-14,136.04164
20-jul-14,83.791687
21-jul-14,45.708336
22-jul-14,93.083313
23-jul-14,135.79167
24-jul-14,45.333332
25-jul-14,45.083336
26-jul-14,43.749996
27-jul-14,5.7083335
28-jul-14,20.666664
29-jul-14,35.541664
30-jul-14,43.416672
31-jul-14,16.583334
01aug2014,11.166666
02aug2014,15.541666
03aug2014,45.791668
04aug2014,89.291656
05aug2014,22.956524
06aug2014,44.208332
07aug2014,68.750008
08aug2014,44.375
09aug2014,79.833321
10aug2014,83.250015
11aug2014,40.583332
12aug2014,184.8333
13aug2014,141.87502
14aug2014,139.91669
15aug2014,71.583321
16aug2014,71.083344
17aug2014,55.541679
18aug2014,93.541656
19aug2014,46.666672
20aug2014,56.500004
21aug2014,76
22aug2014,40.374996
23aug2014,12.999999
24aug2014,37.125004
25aug2014,54.666664
26aug2014,65.125008
27aug2014,52.25
28aug2014,36.380955
29aug2014,25.541668
30aug2014,29.791666
31aug2014,20.250002
01-sept-14,6.869565
02-sept-14,14.458332
03-sept-14,48.375004
04-sept-14,64.458328
05-sept-14,9.291666
06-sept-14,13.624999
07-sept-14,10.874999
08-sept-14,20.583336
09-sept-14,31.333336
10-sept-14,117.04349
11-sept-14,72
12-sept-14,37.458336
13-sept-14,46.791664
14-sept-14,45.5
15-sept-14,38.458336
16-sept-14,29.041664
17-sept-14,31.70833
18-sept-14,17.166664
19-sept-14,29.208332
20-sept-14,16.333336
21-sept-14,12.500001
22-sept-14,15.124998
23-sept-14,27.130432
24-sept-14,15.476189
25-sept-14,28.416666
26-sept-14,25.708334
27-sept-14,14.833335
28-sept-14,10.958333
29-sept-14,25.791668
30-sept-14,22.125002
01-oct-14,38.874996
02-oct-14,24.95833
03-oct-14,17.125002
04-oct-14,20
05-oct-14,45.791668
06-oct-14,26.04167
07-oct-14,12.916666
08-oct-14,23.478262
09-oct-14,42.333328
10-oct-14,44.043476
11-oct-14,18.333334
12-oct-14,18.833334
13-oct-14,25.708334
14-oct-14,19
15-oct-14,12.75
16-oct-14,12.874999
17-oct-14,12.500001
18-oct-14,25.458334
19-oct-14,14.083334
20-oct-14,9.041666
21-oct-14,6.791667
22-oct-14,6.8333335
23-oct-14,8.750001
24-oct-14,10.625
25-oct-14,11.291665
26-oct-14,5.25
27-oct-14,10.416667
28-oct-14,6.3478265
29-oct-14,5.791667
30-oct-14,20.125002
31-oct-14,20.660831
01-nov-14,14.833126
02-nov-14,17.082958
03-nov-14,26.576874
04-nov-14,23.769419
05-nov-14,9.0477905
06-nov-14,5.9242911
07-nov-14,10.465166
08-nov-14,10.764791
09-nov-14,4.557375
10-nov-14,7.4621663
11-nov-14,8.8029127
12-nov-14,10.103043
13-nov-14,7.5364165
14-nov-14,5.16925
15-nov-14,5.7451668
16-nov-14,5.4940839
17-nov-14,4.2408633
18-nov-14,9.9742508
19-nov-14,10.645584
20-nov-14,8.9932909
21-nov-14,6.4462914
22-nov-14,9.0830841
23-nov-14,9.9095011
24-nov-14,7.3850002
25-nov-14,9.0632496
26-nov-14,7.0945415
27-nov-14,10.010542
28-nov-14,12.807876
29-nov-14,8.2200823
30-nov-14,6.9918332
01dec2014,7.1060834
02dec2014,7.5739589
03dec2014,6.8778744
04dec2014,8.7489557
05dec2014,5.4598746
06dec2014,11.644917
07dec2014,7.2096524
08dec2014,6.2376671
09dec2014,7.8113647
10dec2014,8.1978331
11dec2014,6.9240422
12dec2014,7.5151253
13dec2014,8.6494579
14dec2014,8.0814085
15dec2014,7.0711665
16dec2014,6.3036251
17dec2014,6.7498331
18dec2014,7.0499997
19dec2014,7.731391
20dec2014,8.5984993
21dec2014,8.3278341
22dec2014,5.7552915
23dec2014,5.6489582
24dec2014,6.8296666
25dec2014,5.7684999
26dec2014,6.4114165
27dec2014,6.1228747
28dec2014,6.3590002
29dec2014,7.2017503
30dec2014,6.9874997
31dec2014,41.014263
150101,15.9583
150102,6.04166
150103,5.20833
150104,5.20833
150105,5.08333
150106,6.45833
150107,8.25
150108,7.91666
150109,10.625
150110,6.33333
150111,7.75
150112,6.66666
150113,5.08333
150114,7.75
150115,8.41666
150116,6.16666
150117,5.04166
150118,5.54166
150119,6.13636
150120,8.33333
150121,8.25
150122,6.04166
150123,6.41666
150124,5.33333
150125,5.79166
150126,6.3913
150127,7.16666
150128,8.33333
150129,7.75
150130,7.29166
150131,5.5
150201,6.95833
150202,10.2083
150203,8.5
150204,8.95651
150205,7.45833
150206,6.25
150207,7.45833
150208,4.54166
150209,5.08333
150210,6.29166
150211,6.5
150212,6.95833
150213,8.5
150214,8.625
150215,5.70833
150216,7.25
150217,9.45833
150218,7.70833
150219,7.56522
150220,10.875
150221,11.4167
150222,7.13043
150223,9
150224,10.1304
150225,11.375
150226,19.8333
150227,22.7917
150228,15
150301,13.2917
150302,10.2083
150303,6.91666
150304,9.125
150305,9.16666
150306,5.45833
150307,6.625
150308,6.33333
150309,9.70833
150310,7.45833
150311,7.5
150312,9.25
150313,9.91666
150314,8.95833
150315,8.08333
150316,9.75
150317,8.04166
150318,9.875
150319,11.375
150320,7
150321,11.7083
150322,13.6087
150323,11.5417
150324,19.7391
150325,17.375
150326,17.2083
150327,21.2083
150328,13.125
150329,7
150330,8.66666
150331,13
150401,13.7083
150402,7.33333
150403,10.7083
150404,9.91304
150405,8.54166
150406,17.2083
150407,12.9167
150408,10.3333
150409,11.375
150410,14.375
150411,18.625
150412,27.7083
150413,12.7083
150414,22.0417
150415,46.7083
150416,33.2916
150417,37.7916
150418,32.5
150419,41.9565
150420,30
150421,70.625
150422,114.583
150423,90.8333
150424,68.0833
150425,27.3333
150426,60.5833
150427,40.5833
150428,30.1818
150429,21.4583
150430,54.8333
150501,50.5
150502,67.9166
150503,48.1666
150504,53.2916
150505,118.167
150506,122.708
150507,141.792
150508,25.8333
150509,22.125
150510,84.875
150511,55.6666
150512,47.4348
150513,75.9166
150514,81.9166
150515,24.2671
150516,15.7396
150517,28.4071
150518,44.8066
150519,29.1179
150520,20.1409
150521,30.0687
150522,19.0258
150523,89.1512
150524,92.8752
150525,171.822
150526,91.1948
150527,130.957
150528,50.7399
150529,41.6558
150530,26.6758
150531,21.246
150601,18.0624
150602,12.5436
150603,38.4684
150604,16.5857
150605,18.609
150606,20.3982
150607,38.794
150608,37.4991
150609,34.0074
150610,44.3449
150611,76.9662
150612,42.9108
150613,20.9821
150614,33.2324
150615,50.0866
150616,29.1058
150617,140.125
150618,123.372
150619,86.7236
150620,141.169
150621,94.3958
150622,145.813
150623,133.243
150624,41.4753
150625,24.4675
150626,83.1836
150627,71.2725
150628,185.289
150629,84.8932
150630,60.9199
150701,70.9282
150702,123.63
150703,88.7028
150704,79.2961
150705,23.372
150706,36.9984
150707,18.9808
150708,30.5007
150709,47.6411
150710,115.772
150711,48.8336
150712,47.109
150713,49.2891
150714,34.392
150715,17.3316
150716,25.5368
150717,30.6267
150718,32.895
150719,80.1102
150720,85.0591
150721,76.1228
150722,64.739
150723,84.0566
150724,81.3219
150725,14.7308
150726,10.7791
150727,19.5434
150728,41.9925
150729,37.5717
150730,42.3995
150731,12.5808
150801,15.232
150802,21.8758
150803,78.7722
150804,65.6544
150805,10.2523
150806,32.6511
150807,29.1797
150808,50.8383
150809,22.3727
150810,90.8942
150811,127.788
150812,132.458
150813,106.46
150814,36.3503
150815,66.2256
150816,117.067
150817,36.161
150818,37.955
150819,60.1257
150820,47.8731
150821,20.5829
150822,25.3569
150823,27.2701
150824,22.6399
150825,12.5226
150826,24.0666
150827,15.6062
150828,9.69427
150829,41.7234
150830,34.7824
150831,31.8575
150901,60.0396
150902,58.3127
150903,39.5513
150904,56.6511
150905,39.6249
150906,             
150907,             
150908,41.5601
150909,48.6934
150910,45.1732
150911,64.6622
150912,48.6246
150913,70.9009
150914,62.9586
150915,51.2249
150916,80.1649
150917,85.6255
150918,63.0475
150919,61.2969
150920,50.3491
150921,37.5735
150922,60.3037
150923,27.5887
150924,11.8844
150925,26.966
150926,26.9236
150927,9.4794
150928,23.5294
150929,32.277
150930,49.6462
151001,12.2545
151002,12.2016
151003,19.7418
151004,8.10156
151005,8.9857
151006,13.0858
151007,21.0046
151008,54.0643
151009,32.8464
151010,7.64954
151011,18.4181
151012,18.2058
151013,22
151014,19.1147
151015,24.8906
151016,40.0993
151017,27.5642
151018,6.87041
151019,8.57298
151020,12.2957
151021,20.1938
151022,17.8265
151023,17.4161
151024,11.8311
151025,8.94728
151026,15.5276
151027,14.0561
151028,12.1078
151029,11.2962
151030,10.1222
151031,7.72404
151101,6.38129
151102,9.40395
151103,11.0947
151104,13.2812
151105,7.51978
151106,6.84724
151107,6.31974
151108,6.09866
151109,7.03403
151110,5.42445
151111,9.27895
151112,8.35507
151113,5.64795
151114,5.15891
151115,2.34512
151116,4.94991
151117,10.1572
151118,21.424
151119,20.7182
151120,12.3457
151121,7.21812
151122,5.52237
151123,7.93199
151124,6.66941
151125,6.39937
151126,5.7382
151127,3.44595
151128,5.18924
151129,2.30271
151130,2.64958
151201,4.44521
151202,7.4724
151203,4.44128
151204,2.95316
151205,3.40408
151206,2.16166
151207,5.24662
151208,4.62066
151209,4.15189
151210,2.35187
151211,2.86774
151212,2.39896
151213,4.241
151214,2.61754
151215,5.13745
151216,2.75004
151217,3.04483
151218,4.11345
151219,3.13087
151220,3.16695
151221,4.34579
151222,1.9385
151223,2.62875
151224,3.72008
151225,3.70004
151226,3.13
151227,3.47046
151228,3.77396
151229,4.17408
151230,3.04771
151231,22.1597
160101,4.29182
160102,1.40821
160103,2.32529
160104,2.85952
160105,5.9952
160106,6.06024
160107,8.62694
160108,9.76849
160109,6.3832
160110,5.07212
160111,5.22108
160112,2.81421
160113,3.3805
160114,2.88504
160115,5.5917
160116,4.06908
160117,2.47116
160118,4.12579
160119,2.39725
160120,3.08266
160121,5.7387
160122,1.39879
160123,3.91179
160124,1.9255
160125,2.26865
160126,1.15971
160127,1.08692
160128,1
160129,1.37246
160130,2.79812
160131,4.19208
160201,             
160202,4.05379
160203,4.9122
160204,4.27512
160205,5.08833
160206,8.56819
160207,6.09958
160208,6.40073
160209,5.30875
160210,8.81291
160211,11.0463
160212,4.78549
160213,3.43654
160214,3.93166
160215,3.60466
160216,4.30054
160217,6.18446
160218,5.29858
160219,4.27448
160220,3.94421
160221,3.3165
160222,2.93525
160223,5.12817
160224,4.8132
160225,4.94766
160226,7.16132
160227,8.61507
160228,6.9202
160229,7.2332
160301,6.96312
160302,9.07495
160303,3.77662
160304,11.3185
160305,10.7425
160306,8.51199
160307,7.07937
160308,6.3232
160309,4.30816
160310,9.02399
160311,7.11045
160312,11.881
160313,8.99303
160314,7.89236
160315,8.07553
160316,12.5636
160317,9.30981
160318,11.8697
160319,6.78328
160320,8.24878
160321,6.85263
160322,6.55241
160323,6.83508
160324,10.0393
160325,22.2633
160326,15.3776
160327,12.9757
160328,19.6387
160329,28.3983
160330,13.9282
160331,5.54253
160401,13.2229
160402,22.7349
160403,21.3676
160404,28.4446
160405,36.0216
160406,24.0347
160407,22.5878
160408,31.1417
160409,40.2224
160410,23.9998
160411,31.2789
160412,34.9612
160413,17.7743
160414,5.34378
160415,5.48291
160416,16.4712
160417,33.2188
160418,81.7432
160419,25.0945
160420,12.4323
160421,61.5676
160422,23.9945
160423,16.7606
160424,52.9312
160425,73.9253
160426,65.5114
160427,66.1537
160428,104.164
160429,93.3483
160430,99.8062
160501,53.3541
160502,43.1129
160503,69.4769
160504,70.1029
160505,87.5853
160506,84.9161
160507,81.9349
160508,53.0768
160509,81.1891
160510,109.006
160511,32.7442
160512,32.3379
160513,72.8607
160514,44.7791
160515,41.4638
160516,91.7267
160517,85.1995
160518,59.8287
160519,70.0782
160520,105.497
160521,62.6978
160522,127.401
160523,126.769
160524,39.3875
160525,23.105
160526,48.8716
160527,105.189
160528,61.8349
160529,49.1216
160530,52.7863
160531,53.0496
160601,44.4296
160602,91.7163
160603,44.9521
160604,34.2908
160605,59.1025
160606,39.6126
160607,82.9187
160608,51.9562
160609,69.2859
160610,154.447
160611,123.572
160612,163.31
160613,138.37
160614,71.5033
160615,96.5183
160616,146.871
160617,144.804
160618,148.537
160619,105.065
160620,69.4708
160621,142.896
160622,73.0616
160623,85.3004
160624,95.4033
160625,52.0742
160626,125.55
160627,117.979
160628,115.482
160629,87.8408
160630,69.9703
160701,132.408
160702,128.159
160703,215.312
160704,207.508
160705,109.457
160706,34.6367
160707,69.7617
160708,44.1008
160709,51.0496
160710,18.625
160711,25.3463
160712,64.2932
160713,27.8774
160714,41.0192
160715,53.4846
160716,97.6108
160717,43.3833
160718,73.2325
160719,71.0195
160720,46.0516
160721,49.1471
160722,35.2398
160723,34.0787
160724,43.0129
160725,39.6669
160726,106.735
160727,89.9142
160728,38.7542
160729,39.4141
160730,32.8267
160731,26.3223
160801,68.0023
160802,88.9229
160803,38.3552
160804,42.0883
160805,31.3057
160806,14.0751
160807,25.8124
160808,104.432
160809,102.031
160810,58.7817
160811,40.5194
160812,46.0358
160813,50.8158
160814,30.0074
160815,20.1464
160816,17.1795
160817,14.4043
160818,22.8041
160819,38.5468
160820,79.464
160821,80.2271
160822,73.814
160823,32.8729
160824,20.48
160825,15.6625
160826,67.2882
160827,85.7625
160828,58.0758
160829,27.5392
160830,32.4772
160831,66.918
160901,128.49
160902,50.3793
160903,7.87759
160904,21.5646
160905,66.6448
160906,57.8513
160907,44.5692
160908,41.75
160909,24.013
160910,34.5032
160911,21.0965
160912,7.4072
160913,32.4391
160914,45.6283
160915,40.0078
160916,56.4908
160917,38.6525
160918,31.6424
160919,22.8918
160920,24.4198
160921,17.5881
160922,41.9171
160923,26.6682
160924,28.8436
160925,23.0251
160926,23.9372
160927,18.3369
160928,31.5425
160929,6.98833
160930,10.0078
161001,23.4249
161002,21.0956
161003,23.3935
161004,21.1687
161005,31.8706
161006,11.5079
161007,23.3325
161008,18.2556
161009,20.6421
161010,8.44946
161011,21.2192
161012,17.9769
161013,12.3145
161014,17.97
161015,14.2433
161016,18.7324
161017,14.45
161018,25.8733
161019,17.2067
161020,11.3926
161021,8.28563
161022,8.55463
161023,12.7291
161024,9.63174
161025,5.67059
161026,4.98692
161027,6.98587
161028,5.49225
161029,5.63971
161030,2.85475
161031,13.637
161101,21.0573
161102,12.077
161103,5.20837
161104,2.37409
161105,3.14392
161106,4.13229
161107,5.15305
161108,5.88783
161109,6.50056
161110,7.7315
161111,7.78719
161112,5.51279
161113,4.85879
161114,4.9233
161115,7.01077
161116,             
161117,             
161118,5.29339
161119,6.76862
161120,6.64333
161121,8.3625
161122,14.1713
161123,9.52542
161124,11.893
161125,15.4205
161126,3.77217
161127,1.48292
161128,3.49696
161129,4.63313
161130,5.45695
161201,2.61237
161202,4.46142
161203,4.80904
161204,4.68854
161205,3.38737
161206,5.01337
161207,3.20687
161208,3.64917
161209,3.87212
161210,1.95283
161211,2.313
161212,3.66341
161213,3.77579
161214,4.82271
161215,3.22842
161216,3.99142
161217,3.51287
161218,3.20842
161219,3.55604
161220,5.05842
161221,3.74437
161222,4.03706
161223,2.64675
161224,3.40337
161225,3.55262
161226,2.88996
161227,3.34566
161228,2.66141
161229,3.01562
161230,2.32812
161231,7.33117